stereotype,acc,recall_m,precision_m,f1_m,acc_m,total_m,pred_m,pred_per_m,unk_m,recall_f,precision_f,f1_f,acc_f,total_f,pred_f,pred_per_f,unk_f,pred_n,pred_per_n
bing_it,51.806666666666686,80.84666666666666,57.68666666666668,67.36666666666665,80.836,144.0,201.73333333333332,0.7013333333333333,19.733333333333334,22.80666666666666,80.71333333333334,35.593333333333334,22.82666666666667,144.0,40.733333333333334,0.14000000000000007,25.8,0.0,0.0
anti,48.90666666666665,78.6,57.126666666666665,66.12,78.56266666666669,65.0,89.4,0.7406666666666667,9.866666666666667,14.420000000000005,66.52000000000002,23.740000000000006,14.408666666666663,56.0,12.133333333333333,0.10133333333333336,9.6,0.0,0.0
pro,53.59333333333334,83.66000000000003,56.48666666666667,67.44666666666667,83.69133333333336,56.0,82.93333333333334,0.6893333333333331,7.133333333333334,27.699999999999996,90.0,42.39999999999999,27.69,65.0,20.0,0.16999999999999998,10.933333333333334,0.0,0.0
anti_wmt,42.186666666666675,71.27333333333334,51.893333333333324,60.05333333333333,71.22533333333331,38.0,52.13333333333333,0.6826666666666665,7.0,13.199999999999996,56.06000000000001,21.333333333333336,13.159999999999998,38.0,8.933333333333334,0.11933333333333337,7.933333333333334,0.0,0.0
pro_wmt,56.60000000000001,78.90000000000002,62.326666666666675,69.59333333333333,78.95000000000002,38.0,48.13333333333333,0.6313333333333335,6.0,34.2,86.70000000000002,49.10000000000001,34.209999999999994,38.0,15.0,0.20000000000000007,6.866666666666666,0.0,0.0
bing_fr,69.18666666666667,78.59333333333332,72.79333333333332,75.58,78.56400000000001,144.0,155.4,0.5400000000000001,13.0,59.793333333333344,82.83333333333336,69.41999999999999,59.81333333333334,144.0,104.0,0.36000000000000004,15.6,0.0,0.0
anti,64.66,72.49999999999999,72.43333333333334,72.45333333333333,72.51533333333332,65.0,65.06666666666666,0.5406666666666666,7.0,55.51333333333333,74.07999999999998,63.466666666666654,55.47866666666667,56.0,41.93333333333333,0.3493333333333332,7.0,0.0,0.0
pro,72.43333333333335,85.58000000000001,71.44000000000001,77.85333333333334,85.59133333333334,56.0,67.06666666666666,0.5513333333333333,4.066666666666666,61.1,90.84666666666668,73.08666666666666,61.12933333333332,65.0,43.733333333333334,0.3593333333333334,6.133333333333334,0.0,0.0
anti_wmt,53.89999999999999,57.89999999999999,64.34000000000002,60.94000000000001,57.88999999999999,38.0,34.2,0.45200000000000007,7.0,50.0,67.89999999999999,57.60000000000001,50.0,38.0,28.0,0.37000000000000005,6.8,0.0,0.0
pro_wmt,74.82666666666667,84.20000000000002,79.73333333333333,81.86666666666666,84.21000000000002,38.0,40.13333333333333,0.5306666666666667,4.0,65.45333333333332,92.55999999999997,76.64666666666668,65.43933333333331,38.0,26.866666666666667,0.35733333333333334,5.0,0.0,0.0
bing_uk,48.239999999999995,65.95333333333333,61.540000000000006,63.67999999999999,65.92466666666667,144.0,154.26666666666668,0.5326666666666667,25.266666666666666,30.553333333333345,84.57999999999998,44.84666666666666,30.513333333333332,144.0,51.93333333333333,0.18000000000000002,27.333333333333332,29.2,0.10200000000000004
anti,53.753333333333345,73.80666666666664,69.72666666666667,71.68666666666668,73.84933333333333,65.0,68.86666666666666,0.5686666666666668,7.4,30.513333333333325,81.05333333333333,44.32666666666668,30.478666666666673,56.0,21.066666666666666,0.17066666666666663,15.533333333333333,8.133333333333333,0.06800000000000003
pro,44.66666666666667,62.5,51.92,56.72666666666667,62.5,56.0,67.4,0.5560000000000002,14.533333333333333,29.30666666666666,90.52666666666667,44.320000000000014,29.332666666666675,65.0,21.066666666666666,0.17066666666666663,9.2,8.8,0.0726666666666667
anti_wmt,47.22666666666666,62.84000000000002,66.82000000000002,64.76666666666667,62.80933333333332,38.0,35.733333333333334,0.46733333333333327,6.666666666666667,31.600000000000012,74.70666666666666,44.44666666666667,31.57999999999999,38.0,16.066666666666666,0.21066666666666664,13.866666666666667,3.6666666666666665,0.04866666666666668
pro_wmt,51.21333333333333,57.55333333333332,68.64,62.62666666666666,57.53999999999999,38.0,31.866666666666667,0.41866666666666663,12.866666666666667,44.88000000000001,94.09333333333338,60.79333333333336,44.915333333333336,38.0,18.133333333333333,0.2413333333333334,6.666666666666667,6.466666666666667,0.08466666666666667
bing_ru,46.42666666666666,60.260000000000005,62.36,61.28666666666667,60.278000000000006,144.0,139.2,0.48333333333333345,29.133333333333333,32.553333333333335,76.44000000000001,45.653333333333336,32.59133333333333,144.0,61.4,0.21400000000000005,31.466666666666665,26.8,0.09266666666666669
anti,50.50666666666667,63.300000000000004,66.91333333333336,65.06666666666668,63.28533333333335,65.0,61.46666666666667,0.5046666666666666,10.733333333333333,35.7,76.9,48.773333333333326,35.711999999999996,56.0,26.0,0.21266666666666667,13.666666666666666,9.133333333333333,0.07266666666666668
pro,43.21333333333333,59.139999999999986,55.87999999999999,57.493333333333325,59.16733333333331,56.0,59.266666666666666,0.4920000000000001,13.6,29.41333333333333,72.33333333333333,41.80666666666666,29.43533333333334,65.0,26.466666666666665,0.2146666666666667,13.6,8.066666666666666,0.06933333333333337
anti_wmt,39.5,52.253333333333345,58.52666666666664,55.18666666666666,52.27933333333333,38.0,33.93333333333333,0.44866666666666677,10.0,26.64666666666667,71.01999999999998,38.713333333333324,26.669999999999998,38.0,14.266666666666667,0.18533333333333335,12.8,5.0,0.07000000000000003
pro_wmt,47.74666666666666,55.646666666666654,72.2,62.84666666666668,55.61066666666667,38.0,29.266666666666666,0.3826666666666666,12.533333333333333,39.84666666666667,81.95333333333332,53.60000000000001,39.82200000000001,38.0,18.466666666666665,0.24466666666666673,11.666666666666666,4.066666666666666,0.05133333333333335
bing_es,62.04,82.83333333333331,64.99333333333334,72.87333333333332,82.86999999999999,144.0,183.6,0.64,16.466666666666665,41.18666666666666,87.8733333333333,56.10666666666667,41.15666666666667,144.0,67.46666666666667,0.2333333333333333,20.466666666666665,0.0,0.0
anti,60.426666666666655,86.39333333333336,66.96666666666668,75.43333333333335,86.35600000000001,65.0,83.86666666666666,0.6906666666666664,4.733333333333333,30.399999999999988,80.50666666666666,44.120000000000005,30.360000000000007,56.0,21.133333333333333,0.1713333333333333,11.266666666666667,0.0,0.0
pro,62.47999999999999,79.67333333333333,61.940000000000005,69.69999999999999,79.6433333333333,56.0,72.0,0.5973333333333332,10.4,47.70000000000002,96.90000000000003,63.89999999999999,47.69000000000001,65.0,32.0,0.2599999999999999,6.6,0.0,0.0
anti_wmt,52.51333333333334,78.72666666666667,63.84666666666665,70.54666666666667,78.77466666666669,38.0,46.86666666666667,0.6186666666666665,4.0,26.300000000000004,71.08666666666666,38.353333333333325,26.319999999999997,38.0,14.066666666666666,0.18133333333333335,11.066666666666666,0.0,0.0
pro_wmt,63.63333333333335,69.3,71.07333333333332,70.14,69.29666666666665,38.0,37.06666666666667,0.4893333333333334,10.666666666666666,57.89999999999999,95.70000000000002,72.1,57.88999999999999,38.0,23.0,0.29999999999999993,5.266666666666667,0.0,0.0
bing_he,65.37333333333332,68.91333333333333,73.03999999999999,70.92000000000002,68.88866666666667,144.0,135.8,0.4733333333333333,19.933333333333334,61.84666666666665,78.2,69.06666666666666,61.85466666666666,144.0,113.93333333333334,0.398,18.333333333333332,0.0,0.0
anti,57.89333333333333,62.99333333333334,69.22666666666666,65.92666666666668,62.97733333333335,65.0,59.13333333333333,0.4913333333333334,8.133333333333333,51.91999999999999,64.56666666666666,57.54666666666665,51.90866666666666,56.0,45.0,0.37,8.733333333333333,0.0,0.0
pro,74.00666666666667,76.19999999999999,80.99999999999999,78.52666666666666,76.19266666666665,56.0,52.666666666666664,0.43666666666666676,8.333333333333334,72.09999999999998,90.38000000000002,80.17333333333332,72.10466666666665,65.0,51.86666666666667,0.42866666666666664,8.133333333333333,0.0,0.0
anti_wmt,48.70000000000001,52.42666666666667,59.92,55.899999999999984,52.45466666666667,38.0,33.266666666666666,0.43599999999999994,7.4,44.88000000000001,61.58666666666668,51.92,44.915333333333336,38.0,27.733333333333334,0.36733333333333335,7.6,0.0,0.0
pro_wmt,69.62000000000002,73.18000000000002,81.96000000000001,77.31333333333332,73.15400000000001,38.0,33.93333333333333,0.44800000000000006,7.2,66.15333333333332,89.34666666666665,76.03999999999999,66.14066666666665,38.0,28.133333333333333,0.37133333333333335,6.733333333333333,0.0,0.0
bing_ar,54.00666666666666,75.51333333333334,59.43333333333333,66.5,75.508,144.0,182.93333333333334,0.636,21.2,32.46000000000001,76.86666666666666,45.65333333333333,32.49933333333333,144.0,60.86666666666667,0.21133333333333332,23.0,0.0,0.0
anti,56.573333333333345,79.19333333333334,65.68666666666665,71.81333333333333,79.17866666666667,65.0,78.33333333333333,0.6453333333333334,5.466666666666667,30.393333333333324,67.82,41.96,30.35933333333334,56.0,25.066666666666666,0.20933333333333332,12.133333333333333,0.0,0.0
pro,54.02666666666667,79.19333333333333,55.68666666666668,65.40000000000002,79.16666666666666,56.0,79.6,0.6560000000000001,10.666666666666666,32.400000000000006,95.51333333333334,48.41333333333332,32.412666666666674,65.0,22.066666666666666,0.1806666666666667,8.666666666666666,0.0,0.0
anti_wmt,46.266666666666666,71.44000000000001,56.48000000000001,63.09333333333333,71.40066666666665,38.0,48.0,0.6300000000000001,3.8666666666666667,21.100000000000005,53.29999999999998,30.199999999999996,21.050000000000004,38.0,15.0,0.20000000000000007,9.133333333333333,0.0,0.0
pro_wmt,55.466666666666654,76.64666666666666,58.1,66.09333333333332,76.66999999999999,38.0,50.13333333333333,0.6606666666666668,7.866666666666666,34.2,92.90000000000002,50.0,34.209999999999994,38.0,14.0,0.18000000000000002,4.0,0.0,0.0
google_it,52.006666666666675,77.00666666666667,58.57333333333334,66.56666666666666,76.98933333333336,144.0,189.2,0.658,23.266666666666666,27.05333333333334,79.79333333333332,40.37333333333333,27.033999999999992,144.0,48.8,0.1693333333333333,26.733333333333334,0.0,0.0
anti,47.90666666666666,73.69999999999999,56.46,63.940000000000005,73.74733333333333,65.0,84.93333333333334,0.6993333333333333,10.933333333333334,18.013333333333332,62.18666666666666,27.906666666666673,17.978666666666673,56.0,16.2,0.13199999999999998,8.933333333333334,0.0,0.0
pro,54.62,82.22,59.646666666666675,69.12000000000002,82.25933333333334,56.0,77.2,0.64,7.933333333333334,30.900000000000002,90.92666666666669,46.11333333333334,30.87266666666666,65.0,22.066666666666666,0.1806666666666667,13.8,0.0,0.0
anti_wmt,46.10000000000001,71.1,53.92666666666666,61.353333333333325,71.04999999999998,38.0,50.06666666666667,0.66,6.0,21.100000000000005,61.5,31.399999999999988,21.050000000000004,38.0,13.0,0.16999999999999998,6.933333333333334,0.0,0.0
pro_wmt,60.32666666666667,81.41333333333333,67.26,73.64666666666663,81.40466666666666,38.0,46.0,0.6086666666666667,5.066666666666666,39.32,88.15333333333336,54.41333333333334,39.29466666666668,38.0,16.933333333333334,0.2193333333333334,8.0,0.0,0.0
google_fr,64.24000000000002,81.81333333333333,65.62,72.79333333333331,81.85000000000001,144.0,179.66666666666666,0.6213333333333332,15.866666666666667,46.64,86.74000000000001,60.64666666666667,46.66866666666666,144.0,77.46666666666667,0.2706666666666667,15.0,0.0,0.0
anti,61.89333333333334,81.30666666666666,64.76666666666668,72.11333333333333,81.33466666666666,65.0,81.6,0.6759999999999999,9.933333333333334,39.3,90.96000000000001,54.86,39.29,56.0,24.2,0.20200000000000004,5.266666666666667,0.0,0.0
pro,66.21333333333334,83.78666666666668,65.14666666666665,73.27333333333334,83.81000000000002,56.0,72.06666666666666,0.5979999999999998,4.133333333333334,51.08666666666665,87.05333333333333,64.38666666666668,51.07799999999999,65.0,38.13333333333333,0.3133333333333333,6.666666666666667,0.0,0.0
anti_wmt,54.92666666666665,70.38000000000001,60.22666666666667,64.91333333333334,70.34866666666666,38.0,44.4,0.584,9.933333333333334,39.5,91.93333333333334,55.26666666666667,39.47000000000001,38.0,16.333333333333332,0.21333333333333335,5.333333333333333,0.0,0.0
pro_wmt,71.17333333333335,81.24,79.42000000000002,80.28666666666668,81.22933333333334,38.0,38.86666666666667,0.5086666666666666,4.0,61.04,88.14000000000001,72.15333333333334,61.05599999999999,38.0,26.333333333333332,0.3466666666666667,6.8,0.0,0.0
google_uk,46.5,61.193333333333335,60.30666666666666,60.74666666666667,61.20333333333335,144.0,146.2,0.5086666666666666,36.733333333333334,31.766666666666662,83.44666666666666,46.02666666666667,31.803333333333335,144.0,54.86666666666667,0.19,29.6,20.6,0.07133333333333337
anti,49.01333333333333,66.60000000000002,66.20000000000002,66.40000000000002,66.56066666666666,65.0,65.4,0.5433333333333333,13.4,28.600000000000012,80.0,42.10000000000001,28.569999999999997,56.0,20.0,0.16999999999999998,15.866666666666667,6.333333333333333,0.05333333333333335
pro,44.406666666666666,59.5,53.75333333333334,56.473333333333336,59.52333333333332,56.0,62.0,0.51,17.666666666666668,31.386666666666667,87.18666666666667,46.14666666666667,31.386,65.0,23.4,0.194,11.666666666666666,6.266666666666667,0.05266666666666668
anti_wmt,38.2,50.0,59.03999999999999,54.139999999999986,50.0,38.0,32.2,0.42199999999999993,11.733333333333333,26.300000000000004,71.08666666666666,38.353333333333325,26.319999999999997,38.0,14.066666666666666,0.18133333333333335,13.733333333333333,4.266666666666667,0.05466666666666668
pro_wmt,49.82666666666667,52.78,76.58666666666666,62.50666666666667,52.80533333333334,38.0,26.2,0.344,15.0,46.85999999999999,89.9,61.60000000000001,46.844,38.0,19.8,0.25799999999999995,10.666666666666666,4.333333333333333,0.05600000000000002
google_ru,42.67999999999999,58.39333333333331,60.17333333333333,59.23333333333334,58.42333333333335,144.0,139.8,0.48733333333333334,32.266666666666666,26.913333333333334,77.01333333333332,39.86,26.897999999999993,144.0,50.333333333333336,0.17533333333333329,33.0,32.6,0.11066666666666669
anti,46.779999999999994,63.506666666666675,67.2666666666667,65.34,63.490000000000016,65.0,61.333333333333336,0.5033333333333333,11.933333333333334,27.400000000000002,76.17333333333335,40.300000000000004,27.383333333333336,56.0,20.133333333333333,0.16866666666666666,18.6,9.0,0.07066666666666668
pro,39.559999999999995,56.87333333333334,53.34,55.033333333333346,56.90266666666666,56.0,59.733333333333334,0.49533333333333335,18.933333333333334,24.633333333333336,83.62666666666668,38.06000000000001,24.615999999999996,65.0,19.133333333333333,0.16,13.066666666666666,10.133333333333333,0.08133333333333334
anti_wmt,37.0,49.64666666666667,60.73333333333332,54.64000000000001,49.64933333333333,38.0,31.066666666666666,0.4093333333333334,10.933333333333334,24.39333333333333,75.93333333333334,36.906666666666666,24.384000000000004,38.0,12.2,0.16199999999999998,15.533333333333333,6.266666666666667,0.08333333333333333
pro_wmt,43.39999999999999,52.960000000000015,71.21333333333334,60.76000000000001,52.98066666666667,38.0,28.266666666666666,0.3726666666666667,16.4,33.85333333333333,89.94666666666669,49.186666666666675,33.85933333333332,38.0,14.333333333333334,0.18666666666666668,11.8,5.2,0.07200000000000004
google_es,66.82000000000001,83.95333333333333,69.68666666666667,76.17333333333333,83.98266666666667,144.0,173.46666666666667,0.6006666666666666,16.066666666666666,49.62666666666666,91.04666666666665,64.28,49.631999999999984,144.0,78.46666666666667,0.2706666666666667,20.0,0.0,0.0
anti,62.90666666666665,84.49999999999999,68.93333333333334,75.94000000000001,84.51733333333331,65.0,79.73333333333333,0.6573333333333333,8.0,37.86000000000001,91.13333333333331,53.51333333333334,37.858,56.0,23.266666666666666,0.19266666666666668,10.0,0.0,0.0
pro,69.45333333333333,84.02000000000001,70.13333333333334,76.46666666666667,84.0486666666667,56.0,67.06666666666666,0.5506666666666666,5.933333333333334,56.89999999999999,92.5,70.5,56.91999999999998,65.0,40.0,0.33,8.0,0.0,0.0
anti_wmt,54.273333333333326,76.29999999999998,64.8,70.03999999999999,76.31999999999996,38.0,44.733333333333334,0.5873333333333333,7.0,32.29333333333334,85.96666666666668,46.97333333333335,32.28133333333332,38.0,14.266666666666667,0.18533333333333338,10.0,0.0,0.0
pro_wmt,69.8866666666667,76.29999999999998,78.69333333333334,77.44666666666664,76.31999999999996,38.0,36.86666666666667,0.48733333333333345,6.0,63.54666666666669,88.95333333333335,74.15333333333334,63.51066666666665,38.0,27.133333333333333,0.3613333333333334,6.0,0.0,0.0
google_he,64.50666666666667,69.41999999999999,70.20666666666666,69.8,69.44200000000002,144.0,142.4,0.49400000000000005,14.066666666666666,59.56000000000002,74.11333333333333,66.02666666666669,59.58200000000001,144.0,115.73333333333333,0.4006666666666668,15.8,0.0,0.0
anti,57.12,64.81333333333335,67.78666666666669,66.25333333333334,64.824,65.0,62.13333333333333,0.5113333333333332,4.933333333333334,48.20000000000002,60.093333333333334,53.53333333333333,48.21000000000001,56.0,44.93333333333333,0.3693333333333334,9.0,0.0,0.0
pro,71.95333333333333,75.0,73.60666666666667,74.25999999999999,75.0,56.0,57.06666666666667,0.4706666666666666,8.0,69.30666666666669,88.22000000000003,77.67333333333333,69.33266666666668,65.0,51.06666666666667,0.42066666666666663,4.866666666666666,0.0,0.0
anti_wmt,51.38666666666665,55.466666666666654,63.67333333333334,59.313333333333354,55.43533333333333,38.0,33.06666666666667,0.4319999999999999,3.933333333333333,47.39999999999999,58.100000000000016,52.20000000000002,47.37,38.0,31.0,0.40866666666666673,8.0,0.0,0.0
pro_wmt,68.84,68.58666666666666,76.53333333333333,72.32000000000001,68.59533333333333,38.0,34.06666666666667,0.45000000000000007,6.933333333333334,69.11999999999999,84.03333333333335,75.88000000000002,69.12133333333331,38.0,31.266666666666666,0.4126666666666667,3.7333333333333334,0.0,0.0
google_ar,55.18,75.88666666666668,59.66,66.80000000000001,75.87733333333334,144.0,183.2,0.638,23.733333333333334,34.419999999999995,81.88000000000001,48.47999999999999,34.444,144.0,60.6,0.21,20.466666666666665,0.0,0.0
anti,51.38000000000002,74.11999999999998,58.76,65.57999999999998,74.15599999999999,65.0,82.0,0.6799999999999999,11.866666666666667,25.0,73.97333333333336,37.333333333333336,25.0,56.0,18.933333333333334,0.15933333333333335,8.2,0.0,0.0
pro,58.700000000000024,83.90000000000002,61.693333333333314,71.12000000000002,83.92933333333336,56.0,76.13333333333334,0.6313333333333335,8.0,36.89999999999999,96.0,53.29999999999998,36.92,65.0,25.0,0.21,11.866666666666667,0.0,0.0
anti_wmt,51.38666666666665,71.1,56.52666666666667,62.99333333333332,71.04999999999998,38.0,47.733333333333334,0.6273333333333333,7.133333333333334,31.773333333333344,75.76666666666667,44.79333333333333,31.755333333333326,38.0,15.933333333333334,0.20933333333333334,5.2,0.0,0.0
pro_wmt,60.413333333333334,84.02666666666669,69.16000000000001,75.86000000000003,84.03466666666668,38.0,46.2,0.6113333333333334,5.066666666666666,36.8,93.29999999999998,52.79999999999998,36.84000000000002,38.0,15.0,0.20000000000000007,9.733333333333333,0.0,0.0
systran_it,70.86666666666665,83.53333333333332,74.51333333333334,78.79333333333335,83.56333333333333,144.0,161.46666666666667,0.5606666666666669,15.733333333333333,58.15999999999998,91.34666666666665,71.10000000000004,58.192000000000014,144.0,91.73333333333333,0.31933333333333336,19.066666666666666,0.0,0.0
anti,71.19333333333334,85.02666666666666,78.46,81.62000000000002,85.028,65.0,70.46666666666667,0.5846666666666666,6.733333333333333,55.15999999999999,91.16000000000001,68.7,55.12133333333334,56.0,33.86666666666667,0.2786666666666668,9.933333333333334,0.0,0.0
pro,71.1,83.90000000000002,71.27333333333334,77.04666666666667,83.93000000000004,56.0,65.93333333333334,0.5493333333333333,6.0,60.0,92.90000000000002,72.9,60.0,65.0,42.0,0.3499999999999999,7.066666666666666,0.0,0.0
anti_wmt,68.84,85.42000000000002,75.72666666666667,80.26666666666667,85.43733333333334,38.0,42.86666666666667,0.5660000000000001,3.533333333333333,52.25333333333334,90.84666666666668,66.30666666666667,52.27933333333333,38.0,21.866666666666667,0.2886666666666667,7.733333333333333,0.0,0.0
pro_wmt,74.82666666666667,81.59999999999998,77.0,79.23333333333333,81.58,38.0,40.266666666666666,0.5326666666666667,5.0,68.05333333333333,92.86000000000003,78.54666666666665,68.06933333333332,38.0,27.866666666666667,0.36866666666666675,2.8666666666666667,0.0,0.0
systran_fr,80.63999999999997,85.44666666666669,82.93333333333332,84.14666666666669,85.46600000000002,144.0,148.4,0.5126666666666665,10.0,75.74666666666668,90.85999999999997,82.65333333333332,75.7366666666667,144.0,120.0,0.42,9.6,0.0,0.0
anti,84.29999999999998,89.20000000000002,84.97999999999999,87.04,89.23,65.0,68.26666666666667,0.5626666666666669,5.0,78.6,95.70000000000002,86.29999999999998,78.56999999999996,56.0,46.0,0.37999999999999995,1.7333333333333334,0.0,0.0
pro,79.29999999999998,85.70000000000002,81.40000000000002,83.5,85.71000000000001,56.0,59.0,0.4900000000000001,3.066666666666667,73.79999999999998,90.71333333333332,81.34666666666665,73.85,65.0,52.93333333333333,0.43933333333333346,6.0,0.0,0.0
anti_wmt,83.07333333333334,86.79999999999998,84.03999999999998,85.4066666666667,86.83999999999999,38.0,39.266666666666666,0.5153333333333333,4.0,79.26,96.81333333333332,87.11999999999999,79.30066666666669,38.0,31.133333333333333,0.4106666666666667,1.6,0.0,0.0
pro_wmt,80.38666666666664,86.97999999999999,86.82666666666665,86.89999999999999,87.01533333333333,38.0,38.06666666666667,0.5006666666666667,1.9333333333333333,73.70000000000002,90.29999999999998,81.20000000000002,73.68000000000004,38.0,31.0,0.41000000000000003,5.0,0.0,0.0
systran_uk,38.15333333333333,58.34666666666666,51.77333333333333,54.846666666666664,58.37800000000001,144.0,162.4,0.5646666666666669,28.066666666666666,18.006666666666664,57.82666666666665,27.473333333333343,17.965333333333334,144.0,44.733333333333334,0.15666666666666668,25.266666666666666,27.533333333333335,0.09533333333333335
anti,45.38,62.88666666666668,61.00000000000002,61.900000000000006,62.874666666666684,65.0,67.0,0.5513333333333333,12.0,25.0,60.89999999999999,35.39999999999999,25.0,56.0,23.0,0.18999999999999997,10.866666666666667,8.133333333333333,0.07000000000000003
pro,31.18666666666666,53.36000000000001,42.97333333333333,47.63333333333334,53.33333333333335,56.0,69.53333333333333,0.5753333333333334,14.133333333333333,12.093333333333335,49.526666666666664,19.399999999999995,12.104666666666667,65.0,15.866666666666667,0.1293333333333333,14.133333333333333,7.333333333333333,0.06333333333333337
anti_wmt,38.19333333333334,47.57333333333333,57.58666666666667,52.08666666666667,47.54533333333333,38.0,31.4,0.4146666666666667,10.933333333333334,28.726666666666656,57.74666666666666,38.40666666666667,28.774666666666665,38.0,18.933333333333334,0.24933333333333335,9.733333333333333,5.0,0.07000000000000003
pro_wmt,30.020000000000003,44.180000000000014,50.933333333333344,47.306666666666665,44.214000000000006,38.0,33.0,0.434,13.133333333333333,15.800000000000006,54.5,24.5,15.789999999999996,38.0,11.0,0.14000000000000007,12.8,6.066666666666666,0.08066666666666668
systran_ru,36.96,53.92,53.68666666666666,53.79333333333333,53.88933333333333,144.0,144.53333333333333,0.5026666666666666,37.53333333333333,19.966666666666672,72.24,31.28666666666667,19.999999999999996,144.0,39.86666666666667,0.14000000000000004,29.0,37.06666666666667,0.12799999999999997
anti,40.5,57.11333333333332,55.89333333333334,56.49333333333333,57.125333333333316,65.0,66.46666666666667,0.5513333333333333,13.866666666666667,21.159999999999993,74.77333333333333,32.980000000000004,21.191333333333336,56.0,15.866666666666667,0.12866666666666662,11.8,13.0,0.11000000000000004
pro,34.54,53.720000000000006,49.94666666666665,51.74666666666668,53.68933333333335,56.0,60.2,0.5,18.933333333333334,18.086666666666666,70.08,28.726666666666674,18.049333333333337,65.0,16.733333333333334,0.1373333333333334,13.866666666666667,11.266666666666667,0.09266666666666669
anti_wmt,27.51333333333334,39.5,45.406666666666666,42.26,39.47000000000001,38.0,33.06666666666667,0.4319999999999999,12.933333333333334,15.626666666666672,65.97333333333336,25.220000000000002,15.614666666666663,38.0,9.0,0.12000000000000002,11.933333333333334,9.066666666666666,0.1206666666666667
pro_wmt,34.46,47.91999999999999,67.77333333333335,56.139999999999986,47.896,38.0,26.866666666666667,0.35533333333333333,17.8,21.100000000000005,88.90000000000002,34.10000000000001,21.050000000000004,38.0,9.0,0.12000000000000005,14.0,8.333333333333334,0.11333333333333336
systran_es,94.07999999999997,95.79999999999998,95.15333333333336,95.47333333333333,95.82999999999998,144.0,145.06666666666666,0.5006666666666667,4.0,92.35333333333334,98.5,95.37333333333336,92.314,144.0,134.93333333333334,0.46999999999999986,4.0,0.0,0.0
anti,94.20000000000002,96.90000000000003,96.90000000000003,96.90000000000003,96.92000000000002,65.0,65.0,0.5400000000000001,2.0,91.09999999999998,100.0,95.29999999999998,91.06999999999996,56.0,51.0,0.42,3.0,0.0,0.0
pro,96.64666666666669,98.20000000000002,94.79999999999998,96.5,98.21000000000001,56.0,58.0,0.4800000000000002,1.0,95.29333333333335,100.0,97.54666666666664,95.278,65.0,61.93333333333333,0.5093333333333333,0.06666666666666667,0.0,0.0
anti_wmt,90.79999999999998,94.70000000000002,94.70000000000002,94.70000000000002,94.74,38.0,38.0,0.5,2.0,86.79999999999998,100.0,92.90000000000002,86.83999999999999,38.0,33.0,0.4299999999999999,3.0,0.0,0.0
pro_wmt,97.40000000000003,97.40000000000003,97.40000000000003,97.40000000000003,97.36999999999998,38.0,38.0,0.5,1.0,97.40000000000003,100.0,98.70000000000002,97.36999999999998,38.0,37.0,0.4900000000000001,0.0,0.0,0.0
systran_he,44.559999999999995,58.48666666666665,50.919999999999995,54.41999999999999,58.51733333333334,144.0,165.46666666666667,0.5740000000000001,17.666666666666668,30.67333333333334,51.22000000000002,38.36,30.651333333333337,144.0,86.2,0.3006666666666666,18.666666666666668,0.0,0.0
anti,35.67999999999999,49.519999999999996,46.53999999999999,48.01999999999999,49.538000000000004,65.0,69.2,0.572,6.8,19.6,29.699999999999996,23.60000000000001,19.639999999999993,56.0,37.0,0.30999999999999994,8.0,0.0,0.0
pro,51.27333333333334,67.65333333333332,55.106666666666676,60.719999999999985,67.62066666666666,56.0,68.73333333333333,0.5673333333333335,8.066666666666666,37.22666666666666,70.61999999999999,48.766666666666666,37.227999999999994,65.0,34.266666666666666,0.28266666666666673,9.933333333333334,0.0,0.0
anti_wmt,31.600000000000012,42.10000000000001,40.8,41.4,42.11000000000001,38.0,39.2,0.5139999999999999,6.0,21.100000000000005,33.300000000000004,25.800000000000004,21.050000000000004,38.0,24.0,0.32,6.8,0.0,0.0
pro_wmt,50.0,63.200000000000024,63.313333333333354,63.246666666666684,63.15999999999998,38.0,37.93333333333333,0.49933333333333335,7.0,36.8,66.70000000000002,47.39999999999999,36.84000000000002,38.0,21.0,0.28000000000000014,10.066666666666666,0.0,0.0
systran_ar,51.49333333333333,74.48666666666666,57.266666666666666,64.71999999999998,74.49266666666668,144.0,187.26666666666668,0.652,18.666666666666668,28.546666666666667,69.45333333333333,40.43999999999999,28.516666666666673,144.0,59.13333333333333,0.20200000000000004,22.933333333333334,0.0,0.0
anti,48.08666666666666,71.0933333333333,56.20000000000001,62.78000000000001,71.07799999999999,65.0,82.2,0.6819999999999999,9.8,21.399999999999995,57.10000000000001,31.100000000000012,21.430000000000003,56.0,21.0,0.16999999999999998,8.0,0.0,0.0
pro,57.239999999999995,84.38000000000002,59.54666666666666,69.81333333333333,84.4046666666667,56.0,79.4,0.654,4.8,33.800000000000004,84.82666666666665,48.33333333333332,33.85000000000001,65.0,25.933333333333334,0.21,10.866666666666667,0.0,0.0
anti_wmt,44.62000000000001,65.79999999999998,54.23999999999999,59.46,65.78999999999998,38.0,46.06666666666667,0.6093333333333334,6.866666666666666,23.52666666666666,59.3,33.693333333333335,23.50466666666667,38.0,15.066666666666666,0.20000000000000007,8.0,0.0,0.0
pro_wmt,55.55333333333332,82.11333333333332,60.70666666666666,69.81333333333333,82.106,38.0,51.4,0.6753333333333332,4.8,28.899999999999988,84.59999999999998,43.10000000000001,28.949999999999996,38.0,13.0,0.16999999999999998,6.8,0.0,0.0
aws_it,58.93333333333335,78.31333333333332,65.99333333333331,71.64666666666668,78.28733333333334,144.0,170.86666666666667,0.5926666666666666,24.266666666666666,39.60000000000001,89.09999999999998,54.79999999999998,39.580000000000005,144.0,64.0,0.22000000000000008,28.866666666666667,0.0,0.0
anti,56.040000000000006,78.17999999999999,63.680000000000014,70.15999999999998,78.152,65.0,79.73333333333333,0.6573333333333334,11.133333333333333,30.399999999999988,84.73333333333333,44.75999999999999,30.360000000000007,56.0,20.066666666666666,0.16999999999999998,10.066666666666666,0.0,0.0
pro,61.51333333333334,82.94666666666666,66.56666666666669,73.86666666666666,82.97600000000003,56.0,69.8,0.5780000000000001,8.533333333333333,42.99333333333335,96.58666666666664,59.49333333333334,42.97733333333334,65.0,28.933333333333334,0.23933333333333337,13.733333333333333,0.0,0.0
anti_wmt,51.29999999999998,78.90666666666668,58.95999999999999,67.50666666666666,78.95000000000002,38.0,50.86666666666667,0.6686666666666666,5.933333333333334,23.699999999999996,81.34666666666665,36.74666666666666,23.680000000000003,38.0,11.066666666666666,0.14133333333333337,8.133333333333333,0.0,0.0
pro_wmt,64.5,84.20000000000002,71.1,77.09333333333333,84.21000000000001,38.0,45.0,0.5906666666666666,5.0,44.70000000000001,94.40000000000003,60.700000000000024,44.74,38.0,18.0,0.2400000000000001,8.0,0.0,0.0
aws_fr,68.03333333333335,79.1066666666667,69.5,73.97333333333334,79.076,144.0,163.8,0.5700000000000001,15.933333333333334,56.90666666666666,85.22666666666665,68.25333333333332,56.94133333333334,144.0,96.2,0.3333333333333333,12.066666666666666,0.0,0.0
anti,66.31333333333333,74.01333333333332,70.65333333333334,72.32000000000001,74.054,65.0,68.13333333333334,0.5613333333333336,8.733333333333333,57.34,79.80666666666666,66.69333333333333,57.37866666666665,56.0,40.266666666666666,0.33266666666666667,3.8666666666666667,0.0,0.0
pro,69.98666666666668,87.14000000000001,66.90000000000002,75.72,87.14200000000001,56.0,72.93333333333334,0.6013333333333333,4.133333333333334,55.29333333333332,92.13333333333331,69.07333333333334,55.278,65.0,39.0,0.32000000000000006,4.933333333333334,0.0,0.0
anti_wmt,55.29999999999998,60.5,60.4,60.44666666666667,60.52999999999999,38.0,38.06666666666667,0.5006666666666667,7.8,50.0,72.56,59.21999999999999,50.0,38.0,26.2,0.344,3.933333333333333,0.0,0.0
pro_wmt,79.75999999999998,91.75333333333332,83.24666666666664,87.31333333333333,91.75799999999998,38.0,41.86666666666667,0.5486666666666667,3.0,67.70666666666666,99.48666666666666,80.54000000000002,67.71866666666664,38.0,25.866666666666667,0.3393333333333333,5.266666666666667,0.0,0.0
aws_uk,41.39333333333334,62.26666666666666,59.13333333333333,60.65333333333332,62.269999999999996,144.0,151.6,0.526,34.666666666666664,20.473333333333336,87.72000000000001,33.21333333333333,20.507333333333328,144.0,33.666666666666664,0.11600000000000003,38.0,30.066666666666666,0.1026666666666667
anti,44.01333333333333,65.24000000000002,65.64000000000001,65.44000000000001,65.232,65.0,64.6,0.536,16.4,19.37333333333333,82.8,31.380000000000003,19.402666666666665,56.0,13.133333333333333,0.11133333333333335,16.6,10.266666666666667,0.08266666666666667
pro,39.63333333333334,60.820000000000014,53.973333333333336,57.22000000000001,60.830000000000005,56.0,63.13333333333333,0.5213333333333332,14.866666666666667,21.3,93.24666666666666,34.633333333333326,21.33466666666667,65.0,14.866666666666667,0.12000000000000005,19.0,9.133333333333333,0.07133333333333335
anti_wmt,31.766666666666666,52.8,62.17333333333333,57.09333333333334,52.80533333333333,38.0,32.266666666666666,0.4226666666666666,14.6,10.68,76.67333333333333,18.74666666666667,10.705333333333334,38.0,5.333333333333333,0.07333333333333333,16.533333333333335,7.266666666666667,0.09533333333333335
pro_wmt,39.760000000000005,47.91999999999999,66.62000000000002,55.733333333333334,47.896,38.0,27.333333333333332,0.36333333333333334,14.8,31.600000000000012,100.0,48.0,31.57999999999999,38.0,12.0,0.16,14.533333333333333,7.333333333333333,0.09666666666666669
aws_ru,47.28666666666667,61.61333333333332,62.960000000000015,62.24666666666666,61.623999999999995,144.0,140.93333333333334,0.4893333333333334,24.933333333333334,32.92666666666667,79.56,46.56666666666667,32.962666666666664,144.0,59.666666666666664,0.2066666666666667,30.733333333333334,31.733333333333334,0.11133333333333335
anti,52.260000000000005,61.5,67.72666666666665,64.46666666666667,61.539999999999985,65.0,59.06666666666667,0.49066666666666675,12.866666666666667,41.46000000000001,85.1066666666667,55.79333333333334,41.428000000000004,56.0,27.266666666666666,0.22266666666666673,11.733333333333333,10.066666666666666,0.08066666666666666
pro,44.726666666666674,66.34,57.95333333333331,61.893333333333345,66.30933333333333,56.0,64.06666666666666,0.5306666666666667,10.666666666666666,26.199999999999996,76.84666666666664,39.046666666666674,26.14999999999999,65.0,22.133333333333333,0.18133333333333335,14.666666666666666,9.466666666666667,0.07533333333333338
anti_wmt,40.36,51.56000000000001,59.980000000000004,55.42666666666666,51.577999999999996,38.0,32.666666666666664,0.42733333333333334,11.933333333333334,29.08666666666666,85.13333333333334,43.360000000000014,29.12533333333333,38.0,13.0,0.16999999999999998,11.866666666666667,6.533333333333333,0.08733333333333333
pro_wmt,47.486666666666665,61.400000000000006,72.34,66.41333333333336,61.40666666666665,38.0,32.266666666666666,0.4233333333333333,10.4,33.50666666666667,91.44666666666669,49.04666666666667,33.508666666666656,38.0,13.933333333333334,0.18000000000000002,14.0,5.4,0.07400000000000002
aws_es,72.72666666666667,82.78666666666665,76.19999999999999,79.33999999999997,82.82466666666669,144.0,156.53333333333333,0.5433333333333333,15.6,62.59333333333334,90.79333333333334,74.12666666666665,62.592000000000006,144.0,99.26666666666667,0.34266666666666656,16.6,0.0,0.0
anti,73.6,84.59999999999998,79.70000000000002,82.09999999999998,84.61999999999998,65.0,69.0,0.5700000000000001,6.8,60.700000000000024,91.42000000000003,72.94,60.710000000000015,56.0,37.2,0.30999999999999994,8.0,0.0,0.0
pro,71.9,83.90000000000002,71.20000000000002,77.0,83.93000000000004,56.0,66.0,0.55,6.0,61.5,93.0,74.0,61.539999999999985,65.0,43.0,0.36000000000000004,6.0,0.0,0.0
anti_wmt,67.27333333333334,76.64666666666666,78.61333333333333,77.58666666666664,76.67066666666665,38.0,37.06666666666667,0.49066666666666675,5.8,57.89999999999999,87.79333333333334,69.73333333333332,57.88999999999999,38.0,25.066666666666666,0.33066666666666666,8.066666666666666,0.0,0.0
pro_wmt,74.04666666666668,76.64666666666666,82.95333333333335,79.7,76.67066666666665,38.0,35.13333333333333,0.4613333333333333,5.866666666666666,71.44666666666667,90.03999999999999,79.64000000000001,71.40066666666665,38.0,30.133333333333333,0.3926666666666666,4.866666666666666,0.0,0.0
aws_he,60.25333333333333,72.06000000000002,65.03999999999999,68.36,72.08266666666667,144.0,159.6,0.5553333333333335,15.0,48.413333333333334,73.46000000000001,58.38,48.425333333333334,144.0,94.93333333333334,0.32933333333333337,18.466666666666665,0.0,0.0
anti,53.75333333333335,64.70666666666668,61.653333333333315,63.16666666666669,64.72200000000001,65.0,68.26666666666667,0.5626666666666669,6.8,41.10000000000001,58.8,48.33333333333333,41.07000000000001,56.0,39.13333333333333,0.32133333333333336,6.8,0.0,0.0
pro,66.86,78.11999999999998,70.78666666666666,74.25999999999999,78.0953333333333,56.0,61.8,0.5086666666666666,7.2,57.22,88.01999999999998,69.32,57.227999999999994,65.0,42.266666666666666,0.35266666666666663,9.733333333333333,0.0,0.0
anti_wmt,46.186666666666675,52.78000000000001,55.38000000000001,54.06666666666668,52.80533333333334,38.0,36.266666666666666,0.4753333333333333,5.0,39.5,53.73333333333334,45.54666666666667,39.47000000000001,38.0,27.933333333333334,0.36933333333333335,6.8,0.0,0.0
pro_wmt,64.84666666666666,71.61333333333333,75.14000000000001,73.33333333333333,71.576,38.0,36.2,0.4746666666666666,6.733333333333333,58.073333333333316,84.43333333333334,68.77333333333335,58.065999999999995,38.0,26.133333333333333,0.3426666666666666,6.933333333333334,0.0,0.0
aws_ar,59.18666666666666,78.78,61.17999999999999,68.86,78.75,144.0,185.4,0.6440000000000001,18.6,39.64666666666667,82.61999999999999,53.54666666666667,39.626666666666665,144.0,69.06666666666666,0.2400000000000001,14.933333333333334,0.0,0.0
anti,58.753333333333345,78.69333333333334,62.99333333333333,69.96666666666667,78.66533333333334,65.0,81.2,0.672,6.866666666666666,35.58,74.03333333333333,48.07333333333335,35.591333333333324,56.0,26.933333333333334,0.2193333333333334,6.0,0.0,0.0
pro,59.76666666666666,80.74000000000001,58.48000000000001,67.85333333333335,80.71599999999998,56.0,77.26666666666667,0.6393333333333333,10.8,41.71333333333334,100.0,58.90000000000002,41.74533333333334,65.0,27.133333333333333,0.22133333333333338,5.8,0.0,0.0
anti_wmt,53.126666666666665,71.96666666666667,57.70666666666667,64.04,71.92733333333332,38.0,47.333333333333336,0.6233333333333334,5.666666666666667,34.373333333333335,72.30000000000001,46.57999999999999,34.38533333333333,38.0,18.066666666666666,0.24066666666666675,4.933333333333334,0.0,0.0
pro_wmt,60.673333333333325,79.26,63.81999999999998,70.74000000000001,79.30066666666669,38.0,47.2,0.6220000000000001,7.866666666666666,42.10000000000001,100.0,59.299999999999976,42.11000000000001,38.0,16.0,0.21,4.933333333333334,0.0,0.0
deepl_it,61.893333333333324,80.03333333333335,70.42666666666668,74.93333333333334,80.00133333333332,144.0,163.6,0.5700000000000001,22.666666666666668,43.79333333333332,91.12666666666664,59.15333333333334,43.75,144.0,69.13333333333334,0.24000000000000005,32.6,0.0,0.0
anti,57.59333333333333,77.96000000000001,67.86666666666666,72.6,77.94666666666667,65.0,74.66666666666667,0.6166666666666666,11.133333333333333,33.89999999999999,85.64000000000001,48.58000000000001,33.93,56.0,22.2,0.182,13.0,0.0,0.0
pro,65.29999999999998,83.90000000000002,74.6,78.98,83.92933333333336,56.0,63.0,0.5199999999999999,7.933333333333334,49.20000000000002,96.80666666666666,65.25333333333332,49.230000000000004,65.0,33.06666666666667,0.2706666666666667,17.0,0.0,0.0
anti_wmt,52.25333333333334,72.83333333333334,64.73333333333332,68.51333333333334,72.804,38.0,42.733333333333334,0.5633333333333334,7.4,31.773333333333344,80.46000000000001,45.54666666666667,31.755333333333326,38.0,15.0,0.1993333333333334,10.866666666666667,0.0,0.0
pro_wmt,65.97333333333331,81.94666666666666,79.56666666666666,80.7,81.93066666666667,38.0,39.13333333333333,0.5126666666666666,5.866666666666666,50.0,95.0,65.5,50.0,38.0,20.0,0.2599999999999999,11.0,0.0,0.0
deepl_fr,83.33333333333331,85.40000000000002,89.75999999999999,87.48666666666666,85.41933333333334,144.0,137.06666666666666,0.4800000000000002,13.133333333333333,81.24666666666668,93.72666666666667,87.06666666666666,81.296,144.0,124.93333333333334,0.432,12.866666666666667,0.0,0.0
anti,85.88000000000001,84.59999999999998,96.27333333333333,90.09333333333333,84.61999999999998,65.0,57.13333333333333,0.4713333333333332,7.0,87.26,94.18666666666668,90.56666666666668,87.26133333333334,56.0,51.86666666666667,0.4286666666666666,5.0,0.0,0.0
pro,80.94666666666667,87.38000000000001,82.98666666666665,85.08666666666669,87.38066666666667,56.0,59.0,0.4900000000000001,4.4,75.4,94.84666666666664,84.03333333333333,75.37999999999998,65.0,51.666666666666664,0.42666666666666664,5.933333333333334,0.0,0.0
anti_wmt,82.55333333333333,78.90000000000002,95.99999999999999,86.58000000000001,78.95000000000002,38.0,31.266666666666666,0.4126666666666667,6.0,86.10666666666665,94.24666666666664,90.00000000000001,86.13866666666668,38.0,34.733333333333334,0.45733333333333337,4.0,0.0,0.0
pro_wmt,80.29999999999998,86.79999999999998,86.79999999999998,86.79999999999998,86.83999999999999,38.0,38.0,0.5,3.4,73.70000000000002,94.61999999999998,82.82,73.68000000000004,38.0,29.6,0.38599999999999995,5.0,0.0,0.0
deepl_uk,54.666666666666664,64.92666666666665,69.93333333333334,67.32000000000001,64.90733333333334,144.0,133.6,0.46533333333333327,23.0,44.36666666666666,88.56,59.10666666666668,44.39466666666667,144.0,72.2,0.25066666666666665,24.733333333333334,34.46666666666667,0.11866666666666668
anti,55.98666666666667,64.10666666666667,74.74,68.99999999999999,64.10600000000001,65.0,55.733333333333334,0.45733333333333337,9.933333333333334,46.519999999999996,86.54,60.47333333333333,46.54866666666666,56.0,30.133333333333333,0.2513333333333333,14.0,11.2,0.09200000000000001
pro,56.20000000000001,67.89333333333333,64.32666666666665,66.05333333333334,67.85933333333334,56.0,59.06666666666667,0.49066666666666675,11.0,46.18666666666668,90.72000000000001,61.22666666666665,46.151333333333326,65.0,33.06666666666667,0.2706666666666667,8.6,9.266666666666667,0.07333333333333338
anti_wmt,44.70666666666667,49.82666666666667,70.32,58.35333333333333,49.824666666666666,38.0,26.933333333333334,0.35866666666666663,7.933333333333334,39.67333333333333,78.71333333333334,52.713333333333345,39.64600000000001,38.0,19.133333333333333,0.25133333333333335,14.0,8.0,0.10933333333333337
pro_wmt,56.426666666666684,57.89999999999999,84.59999999999998,68.70000000000002,57.88999999999999,38.0,26.0,0.33999999999999997,10.866666666666667,54.93999999999998,90.73999999999998,68.44666666666666,54.90933333333333,38.0,23.0,0.30133333333333323,8.0,8.133333333333333,0.11133333333333337
deepl_ru,42.32666666666667,55.04,61.260000000000005,57.98666666666667,55.002666666666656,144.0,129.26666666666668,0.44733333333333347,33.46666666666667,29.66666666666666,74.84666666666666,42.473333333333336,29.630666666666674,144.0,57.0,0.1966666666666667,33.333333333333336,34.93333333333333,0.1206666666666667
anti,49.81333333333334,58.8,69.03999999999999,63.533333333333324,58.768000000000015,65.0,55.333333333333336,0.45333333333333337,13.0,39.419999999999995,78.64666666666668,52.51333333333332,39.40866666666667,56.0,28.066666666666666,0.23066666666666666,15.8,8.8,0.07000000000000003
pro,33.84666666666666,53.360000000000014,51.233333333333334,52.26666666666668,53.33266666666668,56.0,58.266666666666666,0.4826666666666668,15.933333333333334,17.006666666666668,57.459999999999994,26.279999999999994,17.022666666666673,65.0,19.266666666666666,0.16266666666666665,11.6,15.933333333333334,0.12933333333333333
anti_wmt,39.586666666666666,44.88,62.78666666666667,52.34666666666665,44.915333333333336,38.0,27.2,0.362,10.133333333333333,34.2,76.5,47.29999999999998,34.209999999999994,38.0,17.0,0.22000000000000008,14.866666666666667,6.8,0.08800000000000001
pro_wmt,36.63333333333333,49.65333333333333,67.42,57.18,49.64933333333333,38.0,28.0,0.37000000000000005,15.0,23.699999999999996,74.29333333333334,35.913333333333334,23.680000000000003,38.0,12.133333333333333,0.16066666666666668,9.0,11.866666666666667,0.15733333333333335
deepl_es,83.12666666666665,94.00666666666666,84.40000000000002,88.98000000000002,93.98066666666666,144.0,160.4,0.5600000000000003,4.8,72.24666666666668,96.41999999999999,82.58666666666666,72.26666666666668,144.0,107.93333333333334,0.37866666666666665,14.866666666666667,0.0,0.0
anti,80.20000000000002,95.40000000000003,80.5,87.29999999999998,95.38000000000002,65.0,77.0,0.64,1.0,62.5,94.59999999999997,75.29999999999998,62.5,56.0,37.0,0.30999999999999994,6.0,0.0,0.0
pro,86.05333333333333,94.71999999999997,88.21999999999998,91.3133333333333,94.75933333333337,56.0,60.13333333333333,0.5006666666666667,2.933333333333333,78.49333333333334,100.0,87.98666666666666,78.46000000000002,65.0,51.0,0.42,6.933333333333334,0.0,0.0
anti_wmt,77.42666666666668,94.35333333333334,79.93333333333334,86.51333333333335,94.38933333333333,38.0,44.86666666666667,0.5886666666666666,1.1333333333333333,60.5,95.79999999999998,74.20000000000002,60.52999999999999,38.0,24.0,0.32,6.0,0.0,0.0
pro_wmt,83.07333333333334,92.44666666666666,89.15333333333335,90.76666666666668,92.46066666666665,38.0,39.4,0.5173333333333333,2.8666666666666667,73.70000000000002,100.0,84.90000000000002,73.68000000000004,38.0,28.0,0.37000000000000005,5.733333333333333,0.0,0.0
